{"loss": [6291322772572823.0, 4507621087134423.0, 4327560783803763.5, 4320188394058504.0, 4319023242806961.0, 4248070036966397.5, 4145617760248421.5, 4105161171628582.0, 4130226632580219.5, 4055218863385542.0, 4046278250194223.0, 4219098128733917.5, 4183732907761956.5, 4271071522561140.0, 4329171038462009.5, 4266092317010002.0, 4289894912905230.5, 4279622899737923.5, 4406480272601588.5, 4385261345881029.5, 4364047263513425.0, 4373266049668975.5, 4388763789100423.0, 4384279797091240.0, 4372209302601140.0, 4362284308777388.5, 4358518752377365.0, 4354942067104586.0, 4362539951981834.0, 4365813351513955.0, 4364855641487190.0, 4367088942276690.5, 4373285984603258.5, 4378446689897091.5, 4380394365493739.0, 4383515600876755.5, 4391528449164743.5, 4395930453730399.0, 4391749507984698.5, 4387655344728047.5, 4387625758155658.5, 4394019276817475.5, 4397358040177761.5, 4399443848625225.0, 4401012769499679.0, 4416550432344663.5, 4425461469115152.0, 4425672001924756.0, 4422366428990177.5, 4438054127792186.0, 4447538509679686.0, 4416605854782300.5, 4471202279962919.5, 4409209176240016.5, 4399823544678235.5, 4346095617545650.0, 4334907392086828.0, 4331009006429251.0, 4321336888736660.5, 4310789235974545.5, 4303952869672582.5, 4309226481779388.5, 4315245165784705.5, 4319237295677665.0, 4319233199158530.5, 4316652037749599.0, 4317664592815978.5, 4318358607654646.0, 4317896662675202.0, 4319313256632139.0, 4321112477912305.5, 4321419235222792.5, 4324570249957635.5, 4326056949939675.5, 4322990518961608.0, 4324528533359196.5, 4325936947101182.0, 4324320712240334.5, 4326477378292459.0, 4327405122647800.5, 4332068805766278.5, 4334952310214842.5, 4340177545544636.5, 4340612376172093.0, 4345240703242388.0, 4344343665152524.0, 4347491004337244.0, 4350716691939105.0, 4351009364488601.5, 4343904426744784.0, 4344583462775007.5, 4342722022884428.0, 4342847108294935.5, 4341163775790967.0, 4340279049057656.5, 4334849028794286.0, 4328982392311658.5, 4327307404686516.0, 4329194615932799.0, 4326748240431907.5], "time": [181.1639051437378, 184.12760496139526, 185.25028038024902, 187.6630380153656, 187.88348007202148, 190.5094358921051, 192.5539472103119, 192.70296621322632, 193.44057416915894, 193.34098601341248, 197.226300239563, 199.72743701934814, 199.22914600372314, 198.2804298400879, 197.06740403175354, 199.54257583618164, 199.29978489875793, 200.0432460308075, 201.626451253891, 203.60924983024597, 206.10692310333252, 207.31216716766357, 208.23475289344788, 209.56662607192993, 209.08196306228638, 208.5934693813324, 209.57274389266968, 209.42858219146729, 209.11436104774475, 209.48084092140198, 209.08010721206665, 208.7049469947815, 208.59054803848267, 208.90517330169678, 209.72047209739685, 209.0694079399109, 209.01652812957764, 209.10591292381287, 209.35443592071533, 209.16123604774475, 211.24752187728882, 210.23195600509644, 210.6692831516266, 211.52766633033752, 211.32215285301208, 211.2948489189148, 211.1904273033142, 210.2692108154297, 209.8383867740631, 210.92947602272034, 211.62105178833008, 211.50218629837036, 211.04574012756348, 211.2564811706543, 212.13476705551147, 210.97761392593384, 211.0149917602539, 211.05057621002197, 211.43042588233948, 212.82712483406067, 211.78126311302185, 212.00929617881775, 211.89418864250183, 212.12870001792908, 211.32860374450684, 211.2968351840973, 212.2251958847046, 211.3674120903015, 210.59574604034424, 210.42689776420593, 210.01507186889648, 210.5708029270172, 210.5245110988617, 210.59697079658508, 210.07324886322021, 210.59399008750916, 210.6446771621704, 211.39909195899963, 210.71348404884338, 210.26424527168274, 210.20699906349182, 210.6581678390503, 210.5878279209137, 210.75104689598083, 210.8044078350067, 210.72713804244995, 210.83695602416992, 210.45649981498718, 209.7460389137268, 210.06003499031067, 210.9024419784546, 210.6239550113678, 210.91294384002686, 211.4750838279724, 210.5540690422058, 210.37265515327454, 212.04248714447021, 211.36994409561157, 211.06935024261475, 211.26152920722961], "cpu": [0.0, 1195.1, 1190.9, 1191.8, 1194.2, 1194.6, 1194.0, 1194.9, 1194.6, 1194.6, 1192.3, 1191.1, 1191.3, 1192.1, 1194.2, 1194.2, 1194.8, 1195.0, 1195.1, 1194.5, 1195.0, 1194.5, 1194.0, 1192.6, 1195.2, 1195.1, 1194.3, 1195.1, 1195.0, 1194.6, 1195.1, 1195.1, 1195.0, 1195.0, 1193.9, 1195.0, 1195.1, 1195.1, 1194.7, 1195.0, 1192.9, 1195.0, 1195.2, 1194.5, 1194.6, 1195.0, 1195.1, 1195.0, 1195.1, 1195.1, 1195.1, 1195.1, 1195.2, 1195.1, 1193.4, 1193.9, 1194.9, 1195.1, 1195.0, 1192.9, 1194.5, 1195.1, 1195.1, 1194.6, 1195.1, 1195.1, 1194.8, 1195.7, 1196.3, 1195.7, 1196.3, 1196.4, 1196.3, 1195.7, 1196.3, 1196.3, 1196.3, 1195.2, 1196.1, 1196.2, 1196.3, 1196.3, 1196.3, 1196.2, 1196.4, 1196.3, 1196.2, 1195.1, 1196.5, 1196.4, 1196.4, 1196.4, 1196.3, 1195.8, 1196.4, 1196.4, 1194.9, 1196.1, 1196.4, 1196.4], "memory": [14185.9921875, 14186.0, 14198.35546875, 14202.65625, 14206.7578125, 14210.78125, 14214.76953125, 14218.6328125, 14222.5234375, 14226.52734375, 14230.51953125, 14233.125, 14234.84765625, 14236.50390625, 14238.16015625, 14239.8125, 14241.36328125, 14243.05859375, 14244.69140625, 14246.4375, 14248.09765625, 14254.3046875, 14255.77734375, 14257.1015625, 14258.44921875, 14259.94140625, 14261.28515625, 14262.625, 14263.96875, 14265.34765625, 14266.703125, 14268.1171875, 14269.671875, 14271.13671875, 14272.49609375, 14273.8515625, 14275.21875, 14276.58984375, 14278.015625, 14279.46875, 14280.890625, 14282.5, 14284.2734375, 14285.76953125, 14287.44140625, 14288.97265625, 14290.46875, 14291.90625, 14293.60546875, 14295.140625, 14296.484375, 14298.0, 14299.546875, 14301.3359375, 14302.9296875, 14304.34375, 14305.69921875, 14307.03515625, 14308.36328125, 14309.6875, 14311.06640625, 14312.4140625, 14313.76953125, 14315.09375, 14316.41796875, 14317.75390625, 14319.09375, 14320.41796875, 14321.7421875, 14323.08984375, 14324.43359375, 14325.86328125, 14327.23046875, 14328.74609375, 14330.17578125, 14331.734375, 14333.4140625, 14334.82421875, 14336.171875, 14337.609375, 14339.11328125, 14340.734375, 14342.1640625, 14343.703125, 14345.203125, 14346.66015625, 14348.27734375, 14349.70703125, 14351.03125, 14352.3515625, 14353.67578125, 14355.00390625, 14356.328125, 14357.6484375, 14358.97265625, 14360.296875, 14361.6171875, 14362.9609375, 14364.28515625, 14365.61328125]}